"100","ミニオン「魔導ビット自律型」を呼び出す。<hex:02100103>1/9スケールモデル。アルテマウェポンはついていません","ガレマール帝国軍の無人攻撃端末「魔導ビット」を忠実に再現した最高の玩具。アラグ帝国製の無人兵器を高い魔導技術により、リバースエンジニアリングしたンだぜ。お前の技術より、優れてンだろ？ガーロンドォ……","パタパタパタ…","オールレンジアタック","範囲内にいる敵に、ATK230のダメージを与える。","50","75","2","True","False","False","False","False","1"
"101","ミニオン「薄闇の雲」を呼び出す。<hex:02100103>暗闇の雲を模した魔法人形。世界を無に還してやろう！","闇の世界で拾った、どことなくマメット・サキュバスに似た人形。ちなみに妖異召喚未遂容疑で逮捕された某彫金師は、出獄後程なくして行方不明になっている。自宅に「美を求めて異界に旅立つ」という書き置きを残して……","ファファファ…","極小式波動砲","範囲内にいる敵に、ATK150のダメージを与え、さらにDEFを30%低下させる。<hex:02100103><hex:024804F201F803><hex:024904F201F903>効果時間：<hex:0249020103><hex:0248020103>6秒","70","60","4","False","False","True","False","False","1"
"102","ミニオン「タイニーナンカ」を呼び出す。<hex:02100103>ニンキ・ナンカの幼獣。油断していると、すぐ増える","産卵した卵を背負って育てる奇妙な両生類、ニンキ・ナンカの幼獣。親獣の背の上でまどろんでいたところ、ポロリと落ちて取り残されてしまった。仕方がないので、エサをくれる新しい保護者を探していたようだ","モサモサモサ…","ナンカの人気","範囲内にいる味方のATKを25上昇させる。<hex:02100103><hex:024804F201F803><hex:024904F201F903>効果時間：<hex:0249020103><hex:0248020103>6秒","55","40","2","False","True","True","False","False","3"
"103","ミニオン「マメット・パンダ」を呼び出す。<hex:02100103>東方の珍獣パンダを模した魔法人形","旅の老師が東方ゆかりの贈物として持ってきた魔法人形。東州「オサード小大陸」の辺境に棲まうという珍獣、パンダを模したもののようだ。実際は獰猛な獣らしいが、非常に愛らしい姿で人々を魅了して止まない","ア～ウ、ア～ウ！","野生の知恵","トラップを配置する。10秒後トラップ発動ボタンにより起爆可能。範囲内にいる敵にATK260のダメージを与える。","30","40","2","True","False","False","True","False","2"
"104","ミニオン「マメット・オルトロス」を呼び出す。<hex:02100103>オルトロスを模した魔法人形。まるっきりタコじゃん！","オルトロスを模した魔法人形。最強の彫金師、ゴッドベルトが、軟体生物の揺らぎをイメージしながらリングを造っていたところ、いつの間にかコレが完成していたらしい。女好きな点も完全再現されている","ゆでだこ、ゆでだこ！？","たこあし","範囲内にいる味方の移動速度を35%上昇させる。<hex:02100103><hex:024804F201F803><hex:024904F201F903>効果時間：<hex:0249020103><hex:0248020103>6秒","50","45","2","True","False","False","False","False","3"
"105","ミニオン「マメット・スノーマン」を呼び出す。<hex:02100103>雪だるまを模した魔法人形。サヨナラナノダ……","雪だるまを模した魔法人形。星芒祭の開催にあたって、プレゼントとして子どもたちに配るために、匿名の「白いお髭の紳士様」が作った品らしい。冷たいものが大好きで、雪玉を投げつけると喜ぶようだ","サヨナラナノダ…","さよならなのだ","特殊技ポイントを使用したミニオンに、施設特効「アルカナストーン」を付与する。<hex:02100103><hex:024804F201F803><hex:024904F201F903>効果時間：<hex:0249020103><hex:0248020103>6秒","40","50","2","False","True","True","False","False","3"
"106","ミニオン「ポチャチョコボ」を呼び出す。<hex:02100103>ポチャポチャしているチョコボの子","ポチャポチャしているチョコボの子。異常なほど食欲旺盛で、食べ物の匂いには敏感。いつか、武器や防具まで食べられるようになるのが夢らしい","よーお！","くいしんぼう","ゲート内にいるミニオンのHP回復量を2倍にする。<hex:02100103><hex:024804F201F803><hex:024904F201F903>効果時間：<hex:0249020103><hex:0248020103>20秒","35","75","2","False","True","False","False","False","9"
"107","ミニオン「マメット・イダ」を呼び出す。<hex:02100103>イダを模した魔法人形。うっしゃ、気合いーッ！","「暁の血盟」の賢人、イダを模した魔法人形。暁の金庫番、タタル嬢の発注により、ウルダハの彫金師ギルドで製作された。仮面の下まで精巧に作られているようだが、どうやっても仮面を剥がすことができない……","ウッシャーッ！","ファイナルヘル","範囲内にいる敵に、ATK230のダメージを与える。","45","55","3","True","False","False","False","False","1"
"108","ミニオン「マメット・パパリモ」を呼び出す。<hex:02100103>パパリモを模した魔法人形。やれやれ……","「暁の血盟」の賢人、パパリモを模した魔法人形。暁の金庫番、タタル嬢の発注により、ウルダハの彫金師ギルドで製作された。実に愛らしい姿をしているが、モデルのパパリモは、こう見えて40代なのである","ヤレヤレ…","プチサンダー","範囲内にいる敵に、1秒ごとに10の継続ダメージを与える。<hex:02100103><hex:024804F201F803><hex:024904F201F903>効果時間：<hex:0249020103><hex:0248020103>20秒","35","55","3","True","True","False","True","False","1"
"109","ミニオン「マメット・ウリエンジェ」を呼び出す。<hex:02100103>ウリエンジェを模した魔法人形。<hex:02100103>月明輝けども　必ずや暁迎えん……","「暁の血盟」の賢人、ウリエンジェを模した魔法人形。暁の金庫番、タタル嬢の発注により、ウルダハの彫金師ギルドで製作された。モデルのウリエンジェが決してフードを脱ごうとしなかったため、頭髪は再現されていない","必ズヤ、暁迎エン…","預言詩入門講座","範囲内にいる敵に、ATK90のダメージを与える。","55","60","2","False","True","False","True","False","1"
"110","ミニオン「ファットキャット」を呼び出す。<hex:02100103>おでぶな子猫。意外と素早い","小太りな愛らしい子猫。元々は、都市の裏通りに棲んでいた野良猫らしい。リテイナーが仕事帰りに会う度に、余った雑魚をあげていたところ、懐いたとのこと。餌付けの効果により忠誠心が高いが、体重も重くなっている","ブニャー！","肥える力","範囲内にいる味方のDEFを10上昇させる。味方のタイプが「アニマル」の場合は、DEFが30上昇する。<hex:02100103><hex:024804F201F803><hex:024904F201F903>効果時間：<hex:0249020103><hex:0248020103>6秒","45","25","3","False","False","False","True","False","3"
"111","ミニオン「リトルフット」を呼び出す。<hex:02100103>イエティの幼獣。その足跡は小さい","イエティの幼獣。珍しい山菜を探し求めていたリテイナーが、クルザスの山奥にて発見。周囲に親獣の姿はなく、腹を空かせて弱っていたため、手持ちのお弁当をあげたところ懐いたのだという。その足跡は、まだまだ小さい","イェーイ！","絶対零度","範囲内にいる敵に、ATK230のダメージを与える。","65","25","3","False","False","True","False","False","1"
"112","ミニオン「リトルマミー」を呼び出す。<hex:02100103>包帯でぐるぐる巻きにされた人形。なぜか動く","カルン埋没寺院にて発掘された人形。小さな棺の中から、包帯でぐるぐる巻きにされた姿で発見された。まるで生きているかのように動くが、なぜ動くのかは解らない。そして、包帯を取り、正体を確かめる勇気も出ない","マミー？","スリラー","範囲内にいる敵に、タイプ「モンスター」を弱点に加える。<hex:02100103><hex:024804F201F803><hex:024904F201F903>効果時間：<hex:0249020103><hex:0248020103>15秒","35","40","1","False","True","False","True","True","4"
"113","ミニオン「マメット・エンタープライズ」を呼び出す。<hex:02100103>シドの飛空艇「エンタープライズ号」を模したからくり模型","ガーロンド・アイアンワークス社製のからくり模型。モデルは、天才機工師シド・ガーロンドが、帝国時代に設計、建造した飛空艇「エンタープライズ号」。艇尾の作業アームはもちろん、操舵するシドまで精巧に作られている","エンタープライズ発進！","クレーンアーム","範囲内にいる敵に、ATK90のダメージを与える。","45","60","2","False","False","True","False","False","1"
"114","ミニオン「マメット・レターモーグリ」を呼び出す。<hex:02100103>レターモーグリを模した魔法人形クポ！　お手紙の配達クポ！","いつでもどこでも誰にでも、ちゃっちゃか手紙をお届けする、レターモーグリを模した魔法人形。黒衣森を出て、世界を旅するレターモーグリを称え、モーグリ族の仲間たちが作り上げた。帽子とカバンがトレードマーク","クポーッ！","不幸の手紙","範囲内にいる敵のDEFを、25%低下させる。<hex:02100103><hex:024804F201F803><hex:024904F201F903>効果時間：<hex:0249020103><hex:0248020103>6秒","45","60","3","True","True","False","False","False","4"
"115","ミニオン「アサシンフライ」を呼び出す。<hex:02100103>アサシンベタの稚魚。泳ぐことを忘れた","アサシンベタの稚魚。ニンジャベタを解体したところ、その腹の中から出てきた。胃の中で過ごすうちに泳ぎ方を忘れ、うっかり宙を舞うことを覚えたらしい。それでも水辺を見ると、懐かしいらしく飛び込まずにはいられない","ア　サ　シ　ン　ベ　タ","暗殺","範囲内にいる敵に、ATKの5倍のダメージを与える。","40","25","3","False","False","False","False","False","1"
"116","ミニオン「プレゼンター」を呼び出す。<hex:02100103>エターナルセレモニーの招待客へのプレゼント。末永くお幸せに！","綺麗にラッピングされたデモンズブロック……を作ろうとしたが、製造法が解らなかったため妥協した。中に入れられているものが何であれ、エターナルバンドを祝福する想いがたっぷり込められているので、良しとしよう","エターナル！","プレゼント交換","敵が配置したトラップがある場合、解除する。","40","70","2","True","False","False","False","False","6"
"117","ミニオン「カッパッパ」を呼び出す。<hex:02100103>正体不明のカッパ。沙悟浄の槍は持っていない","カッパ。カッパである。まごうことなきカッパである。魔法人形ではないところを見ると、これは古代魔法「カッパー」によって、姿を変えられた人である可能性が高い。しかし、彼、もしくは彼女が何者なのかは解っていない","カッパッパーーーー！！","カッパッパー","範囲内にいる敵のATKを、40%低下させる。<hex:02100103><hex:024804F201F803><hex:024904F201F903>効果時間：<hex:0249020103><hex:0248020103>6秒","60","30","2","True","False","False","True","False","4"
"118","ミニオン「マメット・ルイゾワ」を呼び出す。<hex:02100103>ルイゾワを模した魔法人形。おわりの名は希望","賢人ルイゾワを模した魔法人形。月の衛星「ダラガブ」の落下を阻止するため、命を賭して戦った故人の偉業を称えるために、彫金師ギルドによって作られた","希望ヲ未来ニ…","転生の炎","範囲内にいる味方のHPを、100回復する。味方のタイプが「ドール」の場合は、HPが150回復する。","50","40","4","False","True","True","False","False","7"
"119","「ミドガルズオルム」を呼び出す","すべてのドラゴン族の始祖、幻龍「ミドガルズオルム」が創りだした幻体。ドラゴンパピーに見えるが、幻龍の魂が宿っており、意外とシブい声で語りかけてくる。光の戦士の行く末を見守るため、旅に同行することに","…………","オープンベータ","敵軍のサーチ・アイへ90%のダメージを与える。すでに破壊されている場合は効果はない。","60","45","2","True","False","False","False","False","8"
"120","","","","","","0","0","0","False","False","False","False","False","0"
"121","ミニオン「ピカピカ」を呼び出す。<hex:02100103>勝利を呼ぶとされる縁起の良い鳥","勝利を呼ぶとされる縁起の良い鳥。また、月神メネフィナの使いとして、星空を舞い愛を運ぶ役割を担うという伝説がある。本来、エオルゼアには棲息していない鳥だが、「伝説の鳥」という謳い文句で東方から持ち込まれた","カチカチ！","愛のセレナーデ","特殊技ポイントを使用したミニオンのDEFを40上昇させる。<hex:02100103><hex:024804F201F803><hex:024904F201F903>効果時間：<hex:0249020103><hex:0248020103>10秒","60","45","3","False","True","False","False","False","3"
"122","ミニオン「エンキドゥ」を呼び出す。<hex:02100103>友だちになったニワトリ。洗っても色あせない","旅の剣豪ギルガメッシュが、空腹のあまり農家から盗んだニワトリ。調理法が解らなかったため、生で頂こうとしたところ、鋭いクチバシで猛反撃！　その強さに惚れ込んだ彼は、以後、このニワトリを旅の供にしたという","コケー！","怪音波","範囲内にいる敵にかかっている、強化効果をすべて打ち消す。","55","45","4","False","False","True","False","False","6"
"123","ミニオン「マメット・バイオレット」を呼び出す。<hex:02100103>悪い子シルフを模した魔法人形なのでふっち","悪い子シルフを模した魔法人形。仮宿のシルフ族が、悪い子シルフたちに悪戯をしかけるために作ったもの。そのリアルな色合いを出すために、シルフたちは様々な染料を試し、最終的には紫キャベツに行き着いたらしい","ふっちっち！","不吉なおまぢない","範囲内にいる味方を、タイプ「アニマル」からの攻撃に対して無敵にする。<hex:02100103><hex:024804F201F803><hex:024904F201F903>効果時間：<hex:0249020103><hex:0248020103>5秒","50","35","2","False","False","False","False","False","3"
"124","ミニオン「マメット・ファウンダー」を呼び出す。<hex:02100103>アマルジャ族の歴史的偉人を模した魔法人形","アマルジャ族の歴史的偉人、「輝拳のケリグ・ロー」を模した魔法人形。ケリグはアマルジャ式古武術の開祖であり、ハムジ・ガーも尊敬してやまない人物だという。その拳は、太陽のように輝きを放ったと伝えられている","質実剛健！","質実剛健","特殊技ポイントを使用したミニオンのDEFを40上昇させる。<hex:02100103><hex:024804F201F803><hex:024904F201F903>効果時間：<hex:0249020103><hex:0248020103>10秒","40","45","3","False","False","True","False","False","3"
"125","ミニオン「マメット・デズル」を呼び出す。<hex:02100103>名気球技師デズル・クワランを模した魔法人形","セズル・トトロックが恩師でもあるイクサル族の名気球技師「デズル・クワラン」を模して作った魔法人形。彼は自ら開発した超大型気球に乗り、伝説の地「アヤトラン」を目指し飛び立ったまま、行方不明になったという","風の如くッゥ！","シバキ上げ","最も近い敵軍のアルカナストーンに、5%のダメージを与える。","45","35","3","False","True","True","False","False","8"
"126","ミニオン「マメット・コボルド2号」を呼び出す。<hex:02100103>コボルドを模しーた　魔法にんぎょーう　２号ちゃーん","アコライト789 バ・ゴが開発した新型爆弾。爆発力を増しつつ、武装鉱山のコボルド族に似せて外見を調整したのが特徴。しかし、またもや第789洞穴団の商人が勝手に商材に加えたため、危険物が出回ることとなった","チクタクチクタク…","新型爆弾","範囲内にいる敵に、ATK300のダメージを与える。ただし、特殊技ポイントを使用したミニオンは強制帰還する。","20","45","2","False","False","False","True","False","1"
"127","ミニオン「マメット・シーデビル」を呼び出す。<hex:02100103>紅珊瑚の海魔を模した魔法人形","現役時代の「紅珊瑚の海魔」を模した魔法人形。父親の武勇を伝えつつも、その行いを反面教師とするため、一味の長兄たちが作ったもの。当時のノォヴは、「海魔の兵糧丸」を常食していたため、体色が濃かったらしい","フスィーッ！！","珊瑚の銛","特殊技ポイントを使用したミニオンのATKを60上昇させる。<hex:02100103><hex:024804F201F803><hex:024904F201F903>効果時間：<hex:0249020103><hex:0248020103>10秒","50","65","4","False","False","True","False","False","3"
"128","ミニオン「黒チョコチョコボ・フライヤー」を呼び出す。<hex:02100103>チョコチョコ空飛ぶチョコボの子。この毛色は産まれながら","チョコチョコ空飛ぶチョコボの子。飛行用に品種改良されたフライヤー種のチョコボであり、黒々としたその毛色は産まれながらのもの。断じて塗られたものではないのだと証明するため、日々、飛行訓練に励む","クエッ、クエ～ッ！","チョコトラップ","トラップを配置する。10秒後トラップ発動ボタンにより起爆可能。範囲内にいる敵にATK260のダメージを与える。","50","75","2","False","True","False","True","False","2"
"129","ミニオン「マメット・カイン」を呼び出す。<hex:02100103>伝説の竜騎士を模した魔法人形。俺は正気に戻った！","伝説の竜騎士「カイン」を模した魔法人形。誰よりも高く大空へと「ジャンプ」したという伝承を再現すべく、偏属性クリスタルを埋め込んでいる。そのせいなのか、時折、不審な動きをするらしい。大丈夫だ、俺は正気に戻った！","フッ、任セテオケ","竜騎士の意地","自軍のゲート、シールド、サーチ・アイを、すべての攻撃に対して無敵にする。<hex:02100103><hex:024804F201F803><hex:024904F201F903>効果時間：<hex:0249020103><hex:0248020103>20秒","75","55","3","True","False","False","False","False","9"
"130","ミニオン「マメット・アルフィノ」を呼び出す。<hex:02100103>アルフィノを模した魔法人形。すべてはエオルゼアのために！","シャーレアンの名門、ルヴェユール家の御曹司を模した魔法人形。クリスタルブレイブの主計官が、活動費を稼ぐために製造したものの、総帥にバレて販売中止命令を受けてしまった。結果的に、倉庫に山積みされることに","ヤメテクレタマエ…","マーチ・オブ・アルコン","範囲内にいる敵に、ATK80のダメージを与え、さらにDEFを13%低下させる。<hex:02100103><hex:024804F201F803><hex:024904F201F903>効果時間：<hex:0249020103><hex:0248020103>6秒","30","35","3","False","True","True","False","False","1"
"131","ミニオン「マメット・アリゼー」を呼び出す。<hex:02100103>アリゼーを模した魔法人形。エオルゼアに、未来を！","シャーレアンの名門、ルヴェユール家のご令嬢を模した魔法人形。不良在庫となっていたアルフィノ人形を買い取った独立系商人が、多少の手直しの末、販売を開始した少女人形。製造コストが安いのが最高とは製作者談","オ祖父様…","託された想い","範囲内にいる敵に、ATK90のダメージを与える。","40","40","4","False","True","False","False","False","1"
"132","ミニオン「マメット・タタル」を呼び出す。<hex:02100103>タタルを模した魔法人形。よろしくでっす","「暁の血盟」の受付、タタル嬢を模した魔法人形。金庫番でもあるタタル自ら、彫金師ギルドに依頼して製作。重要な情報提供者や、物資を格安で卸してくれる商人に、感謝の気持ちを込めて配っているのだとか","ヨロシクデッス！","特製薬茶","範囲内にいる味方のDEFを10上昇させる。味方のタイプが「ドール」の場合は、DEFが30上昇する。<hex:02100103><hex:024804F201F803><hex:024904F201F903>効果時間：<hex:0249020103><hex:0248020103>6秒","35","25","3","False","True","False","False","False","3"
"133","ミニオン「マメット・シド」を呼び出す。<hex:02100103>シドを模した魔法人形","天才機工師シドを模した魔法人形。「ガーロンド・アイアンワークス」の会長代行が、企画・設計・販売を行った商品。売れ行きは好調らしく、「売上にならない活動ばかりの会長より、よほど稼いでくれる」とのこと","エエイ、突ッコムゾ！","魔導トラップ","トラップを配置する。10秒後トラップ発動ボタンにより起爆可能。範囲内にいる敵にATK180のダメージを与える。","70","70","4","False","True","False","False","False","2"
"134","ミニオン「ユニコルト」を呼び出す。<hex:02100103>ユニコーンの幼獣。心の清らかな者にしか懐かない","ユニコーンの幼獣。額の角に秘められた力によって、儀式に用いる聖水を浄化するために、イシュガルド教皇庁の庭園にて飼育されていた。冒険者による突入騒ぎの混乱に乗じ、広い世界に旅立つ決心をしたらしい","ヒヒィーン！","アリコーン","範囲内にいる味方の移動速度を35%上昇させる。<hex:02100103><hex:024804F201F803><hex:024904F201F903>効果時間：<hex:0249020103><hex:0248020103>6秒","35","30","3","False","True","False","False","False","3"
"135","ミニオン「マメット・グンド」を呼び出す。<hex:02100103>グンド族を模した魔法人形。虹のように鮮やかだ！","バヌバヌ族を模した魔法人形。鮮やかなグンド族のまじない師が、トーテムを操る術式を応用して創り上げた。バヌバヌ族にとって、理想の体型である美しいボディラインを再現するのに、かなり苦心したという","グンド、グンド！","鮮やかな太陽の舞","特殊技ポイントを使用したミニオンのATKを40上昇させる。<hex:02100103><hex:024804F201F803><hex:024904F201F903>効果時間：<hex:0249020103><hex:0248020103>15秒","35","30","2","False","True","True","False","False","3"
"136","ミニオン「ミニマムアトモス」を呼び出す。<hex:02100103>小さなアトモス。吸引力が落ちないただひとつのミニオン","小さなアトモス。宝箱から見つけたピクピク動く謎の肉片に、栄養素になりそうな素材を適当に与えたところ培養に成功。冒険者がカバンから捨てる物を、何でも吸い込むようになった。吸引力が落ちないただひとつのミニオン","好きなようにはさせん！","サイクロン","範囲内にいる味方を、タイプ「ドール」からの攻撃に対して無敵にする。<hex:02100103><hex:024804F201F803><hex:024904F201F903>効果時間：<hex:0249020103><hex:0248020103>5秒","35","65","3","True","False","False","False","False","3"
"137","ミニオン「オウレット」を呼び出す。<hex:02100103>オウルの幼鳥。実は読書家という噂","オウルの幼鳥。博物戦艦にて、ミラーナイト型キメラ生物の合成元として、時魔法をかけられ展示されていた。品種改良の影響か、非常に賢く読書を趣味とする。最近のお気に入りは、ゴシップ誌「週刊レイヴン」らしい","ホゥホゥ…","読書","ミニオン召喚時のリキャストを半分にする。<hex:02100103><hex:024804F201F803><hex:024904F201F903>効果時間：<hex:0249020103><hex:0248020103>10秒","55","50","4","False","True","True","False","False","9"
"138","ミニオン「アグリー・ダックリング」を呼び出す。<hex:02100103>自称白鳥の幼鳥。何事にも保険をかけるタイプ","自称白鳥の幼鳥。バヌバヌ族の神域、ネバーリープの泉にて生まれ育ったが、意地悪な兄弟たちに愛想を尽かし旅立ちを決意。とはいえ飛べないので、冒険者の保護を受けることに。何事にも保険をかける慎重派のようだ","ガァガァ！","予期せぬ不幸","範囲内にいる敵に、ATK230のダメージを与える。","40","60","3","False","False","False","True","False","1"
"139","ミニオン「ゲイラキトン」を呼び出す。<hex:02100103>ゲイラキャットの幼獣。猫なのか鳥なのか、それが問題だ","ゲイラキャットの幼獣。霊峰「ソーム・アル」の山中で迷子になっていたところを保護した。背中の翼は背負っているようにも見えるが、外そうとすると嫌がるので試せない。実は下級妖異であるという説もあるが……","マタタビッチ！","ネコキック","範囲内にいる敵に、ATK90のダメージを与え、さらにタイプ「アニマル」を弱点に加える。<hex:02100103><hex:024804F201F803><hex:024904F201F903>効果時間：<hex:0249020103><hex:0248020103>10秒","30","40","3","False","False","True","True","False","1"
"140","ミニオン「クロックワークカート」を呼び出す。<hex:02100103>小さな手押し車玩具","からくり仕掛けの小さな手押し車。園芸師ギルド主催、ギサールの野菜コンテストの上位入賞者向けに、古樫の高堂の熟練職人が製作した品。しかし、野菜を投げる様が批判の対象となり回収され、お蔵入りとなったらしい","コロコロコロ…","玩具の野菜","範囲内にいる味方のDEFを10上昇させる。味方のタイプが「ガジェット」の場合は、DEFが30上昇する。<hex:02100103><hex:024804F201F803><hex:024904F201F903>効果時間：<hex:0249020103><hex:0248020103>6秒","35","40","3","False","True","False","False","False","3"
"141","ミニオン「レッサーパンダ」を呼び出す。<hex:02100103>レッサーパンダの幼獣。立つのは得意な方","レッサーパンダの幼獣。北州の南部や、東州辺境の山岳地帯に棲息するこの獣が、なぜ竜の巣にいたのかは不明。はるか東方まで旅したドラゴンが、連れ帰ってきたのかもしれない。とりあえず、立つのは得意な方らしい","キュィ～！","たちあがる","敵軍のシールドに70%のダメージを与える。すでに破壊されている場合は効果はない。","95","50","4","False","True","False","False","False","8"
"142","ミニオン「63ページ」を呼び出す。<hex:02100103>本に封じられた何か。その正体はわからない","グブラ幻想図書館の禁書庫に収蔵されていた書物。63ページに封印魔法が施されており、何かが封印されている。ただし、禁書に指定された理由は、封印された存在ではなく、書かれている内容のいかがわしさだという","閲覧禁止！","発禁処分","範囲内にいる敵に、ATK90のダメージを与える。","30","35","1","False","True","True","False","True","1"
"143","ミニオン「鉄小人」を呼び出す。<hex:02100103>鉄巨人を模した玩具。巨人にはなりきれなかった","からくり仕掛けの小さな鉄巨人。そのコアは、飛空艇操縦マメットが自動航行中にヒマなので、コツコツ作っていた品らしい。製作に没頭しすぎて、目的地を通り過ぎてしまった言い訳に、それを発見の成果として提出したようだ","ガオー！","ガオーン","特殊技ポイントを使用したミニオンのATKを60上昇させる。<hex:02100103><hex:024804F201F803><hex:024904F201F903>効果時間：<hex:0249020103><hex:0248020103>10秒","35","45","3","False","False","True","False","False","3"
"144","ミニオン「グリフィン・ハッチリング」を呼び出す。<hex:02100103>グリフィンの幼獣。いつか大空に羽ばたきたい","グリフィンの幼獣。クラン・セントリオのモブハンターが、とある大物のグリフィンを討伐したときに、この幼獣を発見した。あまりにもつぶらな瞳をしていたため思わず持ち帰り、飼い主を探すことにしたのだという","キュ～ッ！","羽ばたき回避","範囲内にいる味方を、タイプ「ドール」からの攻撃に対して無敵にする。<hex:02100103><hex:024804F201F803><hex:024904F201F903>効果時間：<hex:0249020103><hex:0248020103>5秒","65","45","3","False","False","False","False","False","3"
"145","ミニオン「マメット・イゼル」を呼び出す。<hex:02100103>イゼルを模した魔法人形。祈りを捧げよう","イゼルを模した魔法人形。とある異端者が新人を勧誘するために、指導者である「氷の巫女」をモチーフに、これを製作。しかし、苦心の末に完成させた直後に、当の本人にバレてしまい、急遽、配布が中止となった経緯を持つ","コノ祈リヲ捧ゲヨウ！","氷結の幻想","範囲内にいる敵を移動不可にする。<hex:02100103><hex:024804F201F803><hex:024904F201F903>効果時間：<hex:0249020103><hex:0248020103>5秒","55","60","2","True","False","False","True","False","4"
"146","ミニオン「ガストラ」を呼び出す。<hex:02100103>由緒正しき子犬。その風格は皇帝級","由緒正しき子犬。実は元野良犬なのだが、威風堂々とした皇帝級の風格を持っていたため、いつの間にか血統書付きの犬ということになっていた。試しにガウンを羽織らせてみたところ、あまりにも皇帝っぽくなってしまった","メルトン！！！！！","皇帝の威厳","特殊技ポイントを使用したミニオンはタイプ「モンスター」からの攻撃に対して無敵になる。<hex:02100103><hex:024804F201F803><hex:024904F201F903>効果時間：<hex:0249020103><hex:0248020103>10秒","45","45","3","False","False","False","True","False","3"
"147","ミニオン「VII号スチームウォーカー」を呼び出す。<hex:02100103>蒸気仕掛けのウォーカーマシン","蒸気仕掛けのウォーカーマシン。科学者集団「青の手」が、新型兵器「VII号ゴブリウォーカー」を開発する際に、設計を確認するための小サイズ試作機として作製したものらしい。疾風のように、野心を乗せて走る！","プシュー！","蒸気砲","最も近い敵軍のゲートに60%のダメージを与える。すでに破壊されている場合は効果はない。","30","70","2","False","True","True","False","False","8"
"148","ミニオン「ロイヤルベビーモス」を呼び出す。<hex:02100103>ブヒーと鳴きそうな幼獣。怪しい血統書付き","伝説の魔獣「カイザーベヒーモス」の子という触れ込みの幼獣。クラン・セントリオに所属する、とあるモブハンターが意気揚々と捕まえてきた。皇子として遇されており、ガウンまで与えられているが、その正体は定かではない","ブヒブヒッ！","おたけび","特殊技ポイントを使用したミニオンのATKを40上昇させる。<hex:02100103><hex:024804F201F803><hex:024904F201F903>効果時間：<hex:0249020103><hex:0248020103>15秒","40","55","2","False","True","True","False","False","3"
"149","ミニオン「追従システム」を呼び出す。<hex:02100103>古代アラグ文明の浮行システム。案内はしてくれない","古代アラグ文明の浮行システム。機能を停止してしまった「誘導システム」を、新たなシステムユニットに移植し、再起動したもの。ウェッジの願いにより、いっしょに各地を冒険することになった。もう案内はしてくれない","エラーが検出されました","重力場","範囲内にいる敵に、ATK60のダメージを与え、さらに移動速度を70%低下させる。<hex:02100103><hex:024804F201F803><hex:024904F201F903>効果時間：<hex:0249020103><hex:0248020103>10秒","60","25","3","True","False","False","False","False","1"
"150","ミニオン「マメット・ユウギリ」を呼び出す。<hex:02100103>ユウギリを模した魔法人形。東方風の顔立ち","ユウギリを模した魔法人形。レヴナンツトール開拓団で働く、ドマ出身の人形師が、エオルゼアの魔法人形に触発されて製作した。「人形は顔がいのち」と語る熟練職人の手により、東方風の顔立ちが再現されている","カタジケナイ！","小さな水薬","範囲内にいる味方のATKを20上昇させる。味方がタイプ「ドール」の場合は、ATKが40上昇する。<hex:02100103><hex:024804F201F803><hex:024904F201F903>効果時間：<hex:0249020103><hex:0248020103>6秒","55","50","2","False","True","False","True","False","3"
"151","ミニオン「カーバンクル・ペリドット」を呼び出す。<hex:02100103>カーバンクルを模した魔法人形。核はペリドット製","カーバンクルを模した魔法人形。召喚したカーバンクルに裏切られるという苦い経験をしたタタルが、自らに忠実な下僕を手にすべく彫金師ギルドに依頼して製作したもの。なお、外装のぬいぐるみは、彼女自身の手による","ムキュー！","ふきとばし","範囲内にいる敵をノックバックさせる。","65","45","3","False","False","True","True","False","9"
"152","ミニオン「カーバンクル・ヘリオドール」を呼び出す。<hex:02100103>カーバンクルを模した魔法人形。核はヘリオドール製","カーバンクルを模した魔法人形。ついに召喚することができなかったカーバンクル・トパーズに代わる下僕として、タタルが彫金師ギルドに依頼して製作したもの。外装がぬいぐるみだけに、本物よりは打たれ弱い","ムギュー！","かたまり","特殊技ポイントを使用したミニオンのDEFを40上昇させる。<hex:02100103><hex:024804F201F803><hex:024904F201F903>効果時間：<hex:0249020103><hex:0248020103>10秒","20","30","2","False","False","False","False","False","3"
"153","","","","","","0","0","0","False","False","False","False","False","0"
"154","ミニオン「ゴールドラッシュ」を呼び出す。<hex:02100103>小さなトロッコ玩具。夢は一攫千金","からくり仕掛けの小さなトロッコ。リテイナーが仕事中に得た品を運ぶために、連れ歩いていたものらしい。しかし、ある時、巨大な金鉱石を発見し乗せてみたところ、頑なに手放そうとしなくなったという。結構、がめつい","キラキラ☆","金メッキ","シールドが破壊されていた場合、復活させる。","40","35","3","False","True","True","False","False","9"
"155","ミニオン「ザ・プライモグズ」を呼び出す。<hex:02100103>モーグリ魔法人形によるバックバンド。演奏はニガテ","吟遊詩人バンドの結成を夢見たモーグリが、バックバンド代わりに作った魔法人形。小さな楽器を作ったところまでは良かったが、演奏させることは意外と難しかった。なお、バンドは音楽性の違いにより、デビュー前に解散した","♪♪♪","どんちゃん騒ぎ","範囲内にいる味方のATKを20上昇させる。味方がタイプ「ドール」の場合は、ATKが40上昇する。<hex:02100103><hex:024804F201F803><hex:024904F201F903>効果時間：<hex:0249020103><hex:0248020103>6秒","35","45","3","False","False","False","True","False","3"
"156","ミニオン「マメット・グナース」を呼び出す。<hex:02100103>「繋がりし者たち」を模した魔法人形。シシシシシ……","グナース族の「繋がりし者たち」を模した魔法人形。「ニンギョウツカイ」氏、渾身の新作。無個性で画一的な「繋がりし者たち」を現すために、没個性的な顔だちにしたらしいが、どこがどう違うのかはわからない","シシシシシ……","自分の殻","範囲内にいる味方のDEFを20上昇させる。<hex:02100103><hex:024804F201F803><hex:024904F201F903>効果時間：<hex:0249020103><hex:0248020103>10秒","70","30","3","False","True","False","True","False","3"
"157","ミニオン「パイッサ・ブラット」を呼び出す。<hex:02100103>パイッサの幼生体。その目は真理を見つめる","パイッサの幼生体。闘パイッサ用にバヌバヌ族が育てていたものだが、かつて交流があった時期に、ある薔薇騎兵の手に渡った。しかし、その騎兵が酒席での賭けに敗れ……巡り巡って行き着いたのが宝箱の中だったらしい","……！？","無限の宇宙","自軍のゲート、シールド、サーチ・アイを、すべての攻撃に対して無敵にする。<hex:02100103><hex:024804F201F803><hex:024904F201F903>効果時間：<hex:0249020103><hex:0248020103>20秒","55","40","2","False","False","True","False","False","9"
"158","ミニオン「マメット・ブルーハンド」を呼び出す。<hex:02100103>ゴブリン戦士を模した魔法人形。勝利か死があるのみだ","ゴブリン戦士を模した魔法人形。科学者集団「青の手」が、ゴブリン族の優秀性を喧伝するために造ったもの。ブレイフロクスが、ゴブリンチーズのレシピといっしょに設計図を盗み出した結果、製造法が流出したようだ","ゴブゴブ！","トリモチ","範囲内にいる味方の移動速度を35%上昇させる。<hex:02100103><hex:024804F201F803><hex:024904F201F903>効果時間：<hex:0249020103><hex:0248020103>6秒","35","35","3","False","False","True","False","False","3"
"159","ミニオン「パンプキンバトラー」を呼び出す。<hex:02100103>どさくさ紛れにもらったパンプキンバトラー。マンドラゴラの執事！","自称マンドラゴラの執事。元はキングトマトの執事だったが、雑な扱いに耐えかね出奔。だが、一人旅の途中でコンチネンタル・サーカスに捕獲され、働かされていた。その後、冒険者ギルドの調査員に救出された……らしい","♪×＄◎？","悪寒","範囲内にいる敵のATKを、50%低下させる。<hex:02100103><hex:024804F201F803><hex:024904F201F903>効果時間：<hex:0249020103><hex:0248020103>15秒","40","50","2","False","True","True","False","False","4"
"160","ミニオン「マメット・エキドナ」を呼び出す。<hex:02100103>エキドナを模した魔法人形。寝起きは悪い方……","エキドナを模した作者不明の魔法人形。その棺の裏側には、なぜか現代風の共通語で、「帰りたい一心で裂け目に飛び込むと、奇妙な船の中に辿り着いた。そこで私は眠れる美女と出会ったのだ」と文字が刻まれている","ZZZ……","死の鎌","自軍、敵軍のシールドとサーチ・アイを破壊する。特殊技ポイントを使用したミニオンは強制撤退する。","50","45","3","True","True","False","False","False","8"
"161","ミニオン「マメット・リルム」を呼び出す。<hex:02100103>古の英雄を模した魔法人形。しゃきっとせんかあ！","古の英雄「リルム」を模した魔法人形。優れた魔道士でもあり、スケッチすることで魔物の幻影を生み出したという言い伝えに従い、絵筆を取り出し何かを描く仕草をする。しかしながら、絵心までは再現できなかったようだ","しゃきっとせんかあ！","スケッチ","特殊技ポイントを使用したミニオンのDEFを40上昇させる。<hex:02100103><hex:024804F201F803><hex:024904F201F903>効果時間：<hex:0249020103><hex:0248020103>10秒","40","25","2","False","False","True","True","False","3"
"162","ミニオン「ハンティング・ホーク」を呼び出す。<hex:02100103>狩猟用のタカ。来いっ、ハンティング・ホーク！","狩猟用のタカ。ディアデム諸島で出会った冒険者の腕を認め、狩りの相棒として選び、付いていくことにしたらしい。古代獣ひしめく危険な空域を独力で生き抜いてきただけあって非常に逞しく、獲物を見つける目は鋭い","ホークアイ！","ホークアイ！","範囲内にいる敵のATKを、50%低下させる。<hex:02100103><hex:024804F201F803><hex:024904F201F903>効果時間：<hex:0249020103><hex:0248020103>15秒","40","50","4","False","False","False","False","False","4"
"163","ミニオン「シャローアイ」を呼び出す。<hex:02100103>ディープアイの幼生体。こっち見んな！","ディープアイの幼生体。妖異学上の分類では、第十二位と最低に位置付けられるが、依り代となる「眼球」の持ち主が強ければ強いほど、成長後に力を発揮するという。果たして依り代が、羊の目か竜の目なのか、それが問題だ","ジトォ……","ガン見","範囲内にいる敵の移動速度を70%低下させる。<hex:02100103><hex:024804F201F803><hex:024904F201F903>効果時間：<hex:0249020103><hex:0248020103>10秒","50","40","3","False","False","False","False","False","4"
"164","ミニオン「プリンスペンギン」を呼び出す。<hex:02100103>皇帝ペンギンの幼鳥。夢は自らの帝国を築くこと","皇帝ペンギンの幼鳥。自らの帝国を築くため、家臣を集めるべく旅に出た後、巡り巡って辿り着いたのがゴールドソーサーだったらしい。過酷を極める建国戦争に勝利するため、優秀な軍略家を探し求めているようだ","キュイッ！？","アイスバーン","トラップを配置する。10秒後トラップ発動ボタンにより起爆可能。範囲内にいる敵に、1秒ごとに20の継続ダメージを与える。<hex:02100103><hex:024804F201F803><hex:024904F201F903>効果時間：<hex:0249020103><hex:0248020103>20秒","35","30","2","True","True","False","False","False","2"
"165","ミニオン「マメット・ツインタニア」を呼び出す。<hex:02100103>ツインタニアを模したアラグ製魔法人形。またアラグか！","ツインタニアを模したアラグ製魔法人形。南方大陸メラシディアの制圧を記念して、アラグ帝国魔科学省が子ども向けに製作した記念品らしい。リング状拘束具に至るまで、リアルに仕上げられている。またアラグか！","デスセンテンス！","ニューロリンク","範囲内にいる味方のDEFを10上昇させる。味方のタイプが「モンスター」の場合は、DEFが30上昇する。<hex:02100103><hex:024804F201F803><hex:024904F201F903>効果時間：<hex:0249020103><hex:0248020103>6秒","80","60","3","False","False","False","False","False","3"
"166","ミニオン「コロコロポックル」を呼び出す。<hex:02100103>コロポックルの幼獣。水分補給には気を配るタイプ","コロポックルの幼獣。かつて聖モシャーヌ植物園にて研究目的で栽培されていた草木綱コロポックル属の子孫。原産地は極東の島国「ひんがしの国」だが、生まれはシャーレアンだ。新たな住まいを探している","コロリン、コロリン……","苗床","範囲内にいる敵に、1秒ごとに10の継続ダメージを与える。<hex:02100103><hex:024804F201F803><hex:024904F201F903>効果時間：<hex:0249020103><hex:0248020103>20秒","30","55","3","False","False","True","False","False","1"
"167","ミニオン「マメット・フリオニール」を呼び出す。<hex:02100103>古の英雄を模した魔法人形。いいじゃないか！　タダだし！","古の英雄「フリオニール」を模した魔法人形。非常に手の込んだ逸品だが、現代の英雄に贈りたいと、さる船乗りが持ってきた。その裏に何か意図がありそうで妖しいが、受け取っておこう。いいじゃないか！　タダだし！","……ゴクッ……","ゴクッ","範囲内にいる敵に、ATK80のダメージを与え、さらにDEFを13%低下させる。<hex:02100103><hex:024804F201F803><hex:024904F201F903>効果時間：<hex:0249020103><hex:0248020103>6秒","75","20","3","False","True","False","False","False","1"
"168","ミニオン「マメット・イフリート」を呼び出す。<hex:02100103>焔神イフリートを模した魔法人形。我が「地獄の火炎」に焼かれよ！","焔神イフリートを模した魔法人形。冒険者の手による焔神討滅を記念して、裁縫師ギルドが発表した戦勝記念人形。蛮神さえをも従えるというコンセプトが流行に敏感なウルダハっ子の心を掴み、一気に人気に火が付いた","力戦奮闘！","じごくのかえん","範囲内にいる敵に、ATK90のダメージを与える。","85","35","3","False","False","False","False","False","1"
"169","ミニオン「マメット・ガルーダ」を呼び出す。<hex:02100103>嵐神ガルーダを模した魔法人形。その首、引き裂いてくれるッ！","嵐神ガルーダを模した魔法人形。当初、グリダニアでは敵対種族が崇める蛮神を人形とすることに、不謹慎だという反発があった。しかし、週刊「レイヴン」に厄除けに良いという記事が掲載されるや、大人気になったという","ナウ、フォール！","えりあるぶらすと","範囲内にいる敵の特殊技ポイントを、最大値の30%減少させる。","50","25","4","True","False","False","False","False","4"
"170","ミニオン「マメット・タイタン」を呼び出す。<hex:02100103>岩神タイタンを模した魔法人形。 「大地の怒り」に砕け散れぇぇぇぇぇ！","岩神タイタンを模した魔法人形。裁縫師ギルドが発表した蛮神シリーズ第二弾。レシピ製作にあたり、岩神討伐経験がある元海雄旅団のエース、トラッハトゥーム氏を特別顧問に招き、彼の証言に基づいてリアルにデザインした","バナナモゲラ！","グラグラジェイル","範囲内にいる敵を移動不可にする。<hex:02100103><hex:024804F201F803><hex:024904F201F903>効果時間：<hex:0249020103><hex:0248020103>5秒","30","75","2","False","False","False","True","False","4"
"171","ミニオン「マメット・リヴァイアサン」を呼び出す。<hex:02100103>水神リヴァイアサンを模した魔法人形。全てを押し流す！","水神リヴァイアサンを模した魔法人形。マメット・タイタンに引き続き、元海雄旅団のトラッハトゥーム氏を特別顧問に起用。同氏が「こんくらい」と指示したバランスにより、水神の特徴的な身体のラインが再現されている","パンヤサン！","リバイア","最も近い敵軍のゲートに90%のダメージを与える。すでに破壊されている場合は効果はない。","60","65","2","True","True","False","False","False","8"
"172","ミニオン「マメット・ズンド」を呼び出す。<hex:02100103>ズンド族を模した魔法人形。春風のようにおおらかだ！","バヌバヌ族を模した魔法人形。鮮やかなグンド族のまじない師が、大らかなズンド族との友好を記念して創り上げた。輝く日射しのようなズンド族の羽根の色を再現するために、文字にするのもはばかられる材料を使ったらしい","ズンド、ズンド！","大らかな太陽の舞","範囲内にいる味方のATKを25上昇させる。<hex:02100103><hex:024804F201F803><hex:024904F201F903>効果時間：<hex:0249020103><hex:0248020103>6秒","45","30","2","True","False","False","False","False","3"
"173","ミニオン「マメット・オルシュファン」を呼び出す。<hex:02100103>オルシュファンを模した魔法人形。イイ！","フォルタン家の騎士、オルシュファンを模した魔法人形。民と友のために戦い続けたひとりの騎士の想いを後の世に伝えるために、アインハルト家の長男ステファニヴィアンが製作した。その姿は、在りし日の姿を思い出させる","イイ！","イイ！","特殊技ポイントを使用したミニオンのDEFを40上昇させる。<hex:02100103><hex:024804F201F803><hex:024904F201F903>効果時間：<hex:0249020103><hex:0248020103>10秒","85","45","4","False","False","False","True","False","3"
"174","ミニオン「マメット・ネロ」を呼び出す。<hex:02100103>超天才ネロを模した魔法人形。ガンハンマー「ミョルニル」付き","超天才機工師、ネロ・トル・スカエウァを模した最高の魔法人形。最高にイカした武器、ガンハンマー「ミョルニル」も付属。お前の会社が売り出してるチャチな魔法人形なンざ、目じゃねぇンだよ、ガーロンドォ……","ガーロンドォ……","リバースエンジニアリング","敵軍が配置したトラップがある場合、自軍のトラップとして発動させる。トラップがATKダメージの場合はダメージを1.5倍にする。","50","60","3","False","True","False","False","False","1"
"175","ミニオン「マメット・ヴァス」を呼び出す。<hex:02100103>「分かたれし者たち」を模した魔法人形。シシシシシ……","グナース族の「分かたれし者たち」を模した魔法人形。あるグナース族が任務中に、人が連れていたマメットを目撃。これに感銘を受けて、製作したという。以降、このグナース族は「ニンギョウツカイ」と名乗るようになった","シシシシシ……","イダテン","特殊技ポイントを使用したミニオンの移動速度を30%上昇させる。<hex:02100103><hex:024804F201F803><hex:024904F201F903>効果時間：<hex:0249020103><hex:0248020103>10秒","60","35","2","False","True","False","False","False","3"
"176","ミニオン「ミニファウスト」を呼び出す。<hex:02100103>「青の手」が開発した総合火力評価用の小型機工兵","ファウストを縮小再設計した小型機工兵。ゴブリン族の科学者集団「青の手」が、新兵器の総合火力を評価するための標的として設計したものらしい。全力で身体を張って挑戦者を受け止める姿は、多くのことを教えてくれる","トリアエズ修行ダナ","おてほん","範囲内にいる敵に、ATK380のダメージを与える。","100","75","3","False","False","True","False","False","1"
"177","ミニオン「ニュー・ヤ・シュトラ」を呼び出す。<hex:02100103>ヤ・シュトラを模した魔法人形。装いも新たに登場","冒険者ギルドが、エオルゼアの新生を祝して用意した魔法人形。「暁の血盟」の賢人、ヤ・シュトラをモチーフにするにあたり、某ルヴェユール家の御曹司が記憶を頼りに描いた緻密な人物画が参考にされたという","マタセタワネ！","エーテリアルパルス","範囲内にいる味方を、タイプ「アニマル」からの攻撃に対して無敵にする。<hex:02100103><hex:024804F201F803><hex:024904F201F903>効果時間：<hex:0249020103><hex:0248020103>5秒","80","50","2","False","False","False","False","False","3"
"178","ミニオン「カルコ」を呼び出す。<hex:02100103>怖くて可愛い魔法人形。ノコノコやってくるからさ！","怖くて可愛い魔法人形。「逆さの塔」を守らせるために、シャーレアンの偉大な魔道士が人形に魔力を込めて造り上げた。なお、当初は頭髪がなかったが、あまりに不気味だったため、植毛するなど手を加えたらしい","バーカめ！","陰気な踊り","範囲内にいる味方のDEFを10上昇させる。<hex:02100103>味方がブリーナの場合は、DEFを40上昇する。<hex:02100103><hex:024804F201F803><hex:024904F201F903>効果時間：<hex:0249020103><hex:0248020103>6秒","40","45","2","False","False","False","True","False","3"
"179","ミニオン「ブリーナ」を呼び出す。<hex:02100103>怖くて可愛い魔法人形。手土産にさせてもらうよ！","怖くて可愛い魔法人形。カルコと共に「逆さの塔」を守っていたが、冒険者たちに敗北。散り散りに逃げ去ったと思いきや、宝箱の中に隠れているところを発見……せっかくなので捕獲して、手土産にさせてもらった","キャーホッホッー！","陽気な踊り","範囲内にいる味方のATKを20上昇させる。<hex:02100103>味方がカルコの場合は、ATKを60上昇する。<hex:02100103><hex:024804F201F803><hex:024904F201F903>効果時間：<hex:0249020103><hex:0248020103>6秒","40","55","3","False","False","True","False","False","3"
"180","ミニオン「モルフォ」を呼び出す。<hex:02100103>幻想的な光を放つ青い蝶","幻想的な光を放つ青い蝶。魔大戦が巻き起こった時代、その羽根に魔力回復を妨げる効能があったため、対魔道士用の毒物を作るための錬金素材として重宝されていた。その時代に乱獲されたため、現在、棲息数は少ない","キラキラキラ……","猛毒の鱗粉","範囲内にいる敵に、1秒ごとに10の継続ダメージを与える。<hex:02100103><hex:024804F201F803><hex:024904F201F903>効果時間：<hex:0249020103><hex:0248020103>30秒","40","50","2","True","False","False","False","False","1"
"181","ミニオン「ポロ・ロッゴ」を呼び出す。<hex:02100103>魔法をかけられ知恵を付けた使い魔トード","老賢者マトーヤが、トードに魔法をかけることで創り出した使い魔。50年以上に渡り忠実に働いてきたが、この程、広い世界を見て回りたいと主に願い出た。これをマトーヤが受け入れ、光の戦士とともに旅することになった","ケロケロ……","天乞い","範囲内にいる敵に、ATK90のダメージを与えノックバックさせる。","50","65","2","False","False","True","True","False","1"
"182","ミニオン「マメット・ギルバート」を呼び出す。<hex:02100103>古の英雄を模した魔法人形。うわあ！","古の英雄「ギルバート」を模した魔法人形。特異な才を持つ吟遊詩人の末裔であり、その歌声には魔を退ける不可思議な力が宿っているという。亡国の王子でもあり、愛のために闇と戦い続けたと伝えられている","うわあ！","うたう","範囲内にいる味方のDEFを20上昇させる。<hex:02100103><hex:024804F201F803><hex:024904F201F903>効果時間：<hex:0249020103><hex:0248020103>10秒","40","55","3","False","False","False","False","False","3"
"183","ミニオン「フェンリル・パップ」を呼び出す。<hex:02100103>古代獣ホアハウンドの子狼。幼くも気高く猛々しい","古代獣ホアハウンドの子狼。月光に似た冷たい青の毛並みを持つことから、伝説の幻獣、月狼「フェンリル」の名で呼ばれることも。狼どもが凌ぎを削る「ウルヴズジェイル」で育てられているため、幼くも気高く猛々しい","わおーん！","ハウリングムーン","範囲内にいる味方のATKを20上昇させる。味方がタイプ「モンスター」の場合は、ATKが40上昇する。<hex:02100103><hex:024804F201F803><hex:024904F201F903>効果時間：<hex:0249020103><hex:0248020103>6秒","65","30","4","False","False","False","False","False","3"
"184","ミニオン「マメット・ドラゴネット」を呼び出す。<hex:02100103>幼竜カル・ミークを模した魔法人形。ずっと友だちだよ！","幼竜を模した魔法人形。モーグリ族の職人が、人の技術を学ぶ過程で造り上げたもの。弱冠30歳の若き竜、カル・ミークをモデルに、リアルな質感を再現するため、脱皮で剥がれ落ちた本物の鱗を利用して造り上げた","コ、コウサンダァ～","ドラゴネットブレス","範囲内にいる敵に、ATK230のダメージを与える。","75","60","1","False","False","False","False","True","1"
"185","ミニオン「マメット・ラムウ」を呼び出す。<hex:02100103>雷神ラムウを模した魔法人形。これより裁きを下す……心せよ！","雷神ラムウを模した魔法人形。ガルーダの魔法人形が人気を博したことを受けて、ただちにラムウの設計も開始された。仮宿のシルフ族の証言を参考に作られたため、どことなく頭身がシルフ風味になっているようだ","ウラ・メニダ トゥラ・オ","さばきのいかずち","範囲内にいる敵に、ATK230のダメージを与える。","40","75","3","False","True","False","False","False","1"
"186","ミニオン「マメット・シヴァ」を呼び出す。<hex:02100103>氷神シヴァを模した魔法人形。砕け散れ！　ダイアモンドダスト！","氷神シヴァを模した魔法人形。各都市にて蛮神を模した魔法人形が製造されていると知った異端者たちが、それならば我らもと意気込んで作り、製法を公開。信仰心の成せる技なのか、物凄く愛らしい表情をしている","オブリビオン！","だいあもんどだすと","範囲内にいる敵を移動不可にする。<hex:02100103><hex:024804F201F803><hex:024904F201F903>効果時間：<hex:0249020103><hex:0248020103>5秒","35","35","3","False","True","False","False","False","4"
"187","ミニオン「ポーキー」を呼び出す。<hex:02100103>二本脚で歩く謎のブタ。ぷ～っ","二本脚で歩く謎のブタ。マンダヴィル・ゴールドソーサー内のカフェテリアで、無銭飲食をしたため、捕縛され景品にされることになった。だがしかし、このブタが何者で、どこから来たのかを知る者はいない……","ぷ～っ","ぷ～っ","範囲内にいる味方にかかっている、弱体効果を打ち消す。","45","30","3","False","False","False","False","False","6"
"188","ミニオン「マジックバケツ」を呼び出す。<hex:02100103>魔法人形の技術で造られた動くバケツ","魔法人形の技術で造られた動くバケツ。とある漁師が、釣果を持ち帰るのが面倒だという理由で開発した。何度空っぽにしても、いつの間にか水と生き物を溜め込んでしまう。いったいどこから仕入れてきているのだろうか","ジャバジャバ","バケツリレー","範囲内にいる味方の移動速度を35%上昇させる。<hex:02100103><hex:024804F201F803><hex:024904F201F903>効果時間：<hex:0249020103><hex:0248020103>6秒","20","55","1","False","False","False","False","False","3"
"189","ミニオン「ゲソ」を呼び出す。<hex:02100103>冒険者にぶった切られたクラーケンの触手の切れ端","冒険者にぶった切られたクラーケンの触手の切れ端。海を漂った末に、ふたたびハルブレーカー・アイルに戻ってきた。復讐に燃える本体とは異なり、切れ端の方に戦意はないらしい。それよりも自由な人生を謳歌しているようだ","ゲッソー！","スプラッシュシューター","範囲内にいる敵に、ATK90のダメージを与えノックバックさせる。","65","60","2","False","False","False","True","False","1"
"190","ミニオン「マメット・ブラキオ」を呼び出す。<hex:02100103>ブラキオレイドスを模した魔法人形","ブラキオレイドスを模した魔法人形。とある空賊が、ディアデム諸島で目撃された超大型の古代生物を模して造り上げた。それにしても、なぜこのような巨大生物が浮島に存在したのか……謎が謎を呼んでいる","メテオ！","プチメテオ","範囲内にいる敵に、タイプ「ドール」を弱点に加える。<hex:02100103><hex:024804F201F803><hex:024904F201F903>効果時間：<hex:0249020103><hex:0248020103>15秒","115","50","1","False","False","False","True","False","4"
"191","ミニオン「マメット・チアガール」を呼び出す。<hex:02100103>チアガール風の魔法人形。とにかく応援してくれる","チアガール風の魔法人形。ウルヴズジェイルで熱戦を繰り広げる、すべての狼たちを応援するために作られた。しかし、試合が停滞しはじめると、とたんにデンジャーな目付きになり、口汚いヤジを飛ばすとか飛ばさないとか","ガンバッテ！","おうえん","範囲内にいる味方のATKを25上昇させる。<hex:02100103><hex:024804F201F803><hex:024904F201F903>効果時間：<hex:0249020103><hex:0248020103>6秒","40","40","1","False","False","False","False","True","3"
"192","ミニオン「マメット・クルル」を呼び出す。<hex:02100103>クルルを模した魔法人形。ごめんなさい。お待たせしてしまったみたいね","冒険者ギルドが、エオルゼアの新生を祝して用意した魔法人形。シャーレアン出身の魔道士、クルル嬢を模している。ちなみに、フードに付けられたミコッテ族のような大きな耳は、彼女が持つある「力」を示すものらしい","イイノカナ～？","隣のお姉さん","範囲内にいる味方のDEFを10上昇させる。味方のタイプが「ドール」の場合は、DEFが30上昇する。<hex:02100103><hex:024804F201F803><hex:024904F201F903>効果時間：<hex:0249020103><hex:0248020103>6秒","30","30","3","True","False","False","False","False","3"
"193","ミニオン「マメット・アイメリク」を呼び出す。<hex:02100103>アイメリク卿を模した魔法人形。何故なのです、父上ッ！","アイメリク卿を模した魔法人形。とある神殿騎士コマンドが、敬愛する上官を模して魔法人形を作ろうとしたものの、あまりに不器用すぎて失敗。その姿が不憫すぎたため、教皇庁お抱えの技師がこっそり造り直したものらしい","変革ヲッ！","神殿騎士団突撃","敵軍のシールドに70%のダメージを与える。すでに破壊されている場合は効果はない。","80","75","3","False","False","True","True","False","8"
"194","ミニオン「ペガサスコルト」を呼び出す。<hex:02100103>ペガサスの幼獣。最近、空を走れるようになった","ペガサスの幼獣。親馬からはぐれてしまったらしく、恐ろしい古代獣がひしめくディアデム諸島を逃げ回っていた。冒険者によって古代獣から救われたことで、いつの間にかその後ろに付いてくるようになっていた","ピヒーン！","流星","範囲内にいる味方の移動速度を35%上昇させる。<hex:02100103><hex:024804F201F803><hex:024904F201F903>効果時間：<hex:0249020103><hex:0248020103>6秒","70","45","3","False","False","False","True","False","3"
"195","ミニオン「マメット・カロフィステリ」を呼び出す。<hex:02100103>カロフィステリを模した魔法人形。光り物が大好き……","カロフィステリを模した作者不明の魔法人形。冒険者とカロフィステリの戦いを、影から食い入るように見つめていた何者かが、迸る熱いパトスを注ぎ込んで即興で作ったもの。その後、彼は消え去る妖異とともに姿を消した……","サラサラ…","きらーん","特殊技ポイントを使用したミニオンのDEFを40上昇させる。<hex:02100103><hex:024804F201F803><hex:024904F201F903>効果時間：<hex:0249020103><hex:0248020103>10秒","50","55","2","True","True","True","False","False","3"
"196","ミニオン「マメット・サスカッチ」を呼び出す。<hex:02100103>サスカッチを模した魔法人形。野生生物の乱獲禁止を訴える","革細工師ギルドが自然保護の啓蒙活動用に作った、サスカッチを模した魔法人形。一時の流行で需要が喚起された結果、特定の野生生物が乱獲され、絶滅の危機に追い込まれることがあると、広く知って貰いたいとのこと","ウホッ！","ウホッ","敵が配置したトラップがある場合、解除する。","45","45","3","False","False","False","True","False","6"
"197","ミニオン「ドワーフラビット」を呼び出す。<hex:02100103>愛らしい小型のウサギ。無類の寂しがり屋","愛らしい小型のウサギ。片田舎で幸せに暮らしていたが、ある日、畑に作物を盗みにいった父が、農家の奥さんによってパイにされるという事件が発生。その悲しみを癒やすため、放浪の旅に出た結果、冒険者と出会ったのだった","…………","ニンジン爆弾","トラップを配置する。10秒後トラップ発動ボタンにより起爆可能。範囲内にいる敵に、1秒ごとに10の継続ダメージを与える。<hex:02100103><hex:024804F201F803><hex:024904F201F903>効果時間：<hex:0249020103><hex:0248020103>20秒","60","45","4","False","False","False","True","False","2"
"198","ミニオン「ヘクトアイ」を呼び出す。<hex:02100103>ヘクトアイズから剥がれ落ちた眼球。複数形ではなく単数形","ヘクトアイズから剥がれ落ちた眼球。常に全方位を見つめてきたため、一方向しか確認できない状況が落ち着かないらしい。いつか沢山の眼が生えて安心できるようになるまで、強い者と行動をともにしようと考えているようだ","ギロリ！","ネットネト","範囲内にいる敵の移動速度を70%低下させる。<hex:02100103><hex:024804F201F803><hex:024904F201F903>効果時間：<hex:0249020103><hex:0248020103>5秒","35","35","2","False","True","False","False","False","4"
"199","ミニオン「道士モーグリ」を呼び出す。<hex:02100103>東方風に着飾ったモーグリの魔法人形","東方風に着飾ったモーグリの魔法人形。トウゲン老師のお供、エンレイが、冒険者への贈り物として、ひそかに手作りしていたもの。エオルゼアで有名なモーグリをモチーフに、東方風の道士の衣装を着用させている","クーポクポ！","カンフー","範囲内にいる敵をノックバックさせる。","30","35","3","False","False","True","False","False","9"
